{"schemaVersion":"1.0","appDefinitionTemplate":{"id":"/providers/Microsoft.PowerApps/apps/","type":"Microsoft.PowerApps/apps","tags":{"primaryDeviceWidth":"640","primaryDeviceHeight":"1136","supportsPortrait":"true","supportsLandscape":"true","primaryFormFactor":"Phone","showStatusBar":"false","publisherVersion":"3.24121.10","minimumRequiredApiVersion":"2.2.0","hasComponent":"false","hasUnlockedComponent":"false","isUnifiedRootApp":"false","sienaVersion":"20241214T081044Z-3.24121.10.0"},"properties":{"appVersion":"2024-12-14T08:10:44Z","lifeCycleId":"Published","createdByClientVersion":{"major":3,"minor":24121,"build":10,"revision":0,"majorRevision":0,"minorRevision":0},"minClientVersion":{"major":3,"minor":24121,"build":10,"revision":0,"majorRevision":0,"minorRevision":0},"backgroundColor":"RGBA(0,176,240,1)","backgroundImageUri":"/17840735244621377764/N335efcd5-15b7-40dc-a3bc-20ef0efbc82d-logoSmallFile","displayName":"Expense app","description":"","commitMessage":"","appUris":{"documentUri":{"value":"/17840735244621377764/N1636fbbb-4404-420f-8ea4-6b08d8032770-document.msapp"},"imageUris":[],"additionalUris":[{"isSolutionAware":false,"value":"/17840735244621377764/N3d442d9e-6246-41e7-a16f-9933c3339312-identity.json"}]},"createdTime":"0001-01-01T00:00:00Z","lastModifiedTime":"0001-01-01T00:00:00Z","sharedGroupsCount":0,"sharedUsersCount":0,"connectionReferences":{"8aa9015f-892e-4b98-92fe-83ca8cd84991":{"id":"7fa30f61-1cd5-4e7a-8ad7-e65bdc41fe5d","displayName":"SharePoint","iconUri":"https://connectoricons-prod.azureedge.net/releases/v1.0.1723/1.0.1723.3986/sharepointonline/icon.png","dataSources":["Expense App"],"dependencies":[],"dependents":[],"parameterHints":{},"parameterHintsV2":{},"isOnPremiseConnection":false,"bypassConsent":false,"dataSets":{"https://alphaanalyst-my.sharepoint.com/personal/shubhamgupta_alphaanalyst_onmicrosoft_com":{"dataSources":{"Expense App":{"tableName":"0c9ff56c-5ab3-480e-9200-f0df2b2644af"}}}},"apiTier":"Standard","isCustomApiConnection":false,"actions":["providers/PowerPlatform.Governance/Operations/Read","providers/PowerPlatform.Governance/Operations/Write"]},"e35de90a-33a5-433b-aace-c9b5b7af9442":{"id":"a35d351d-4565-4437-901e-499cd8884aad","displayName":"Office 365 Users","iconUri":"https://connectoricons-prod.azureedge.net/releases/v1.0.1718/1.0.1718.3951/office365users/icon.png","dataSources":["Office365Users"],"dependencies":[],"dependents":[],"parameterHints":{},"parameterHintsV2":{},"isOnPremiseConnection":false,"bypassConsent":false,"dataSets":{},"apiTier":"Standard","isCustomApiConnection":false,"actions":["Manager_V2"]}},"databaseReferences":{},"almMode":"Environment","performanceOptimizationEnabled":false,"canConsumeAppPass":false,"enableModernRuntimeMode":false,"executionRestrictions":{"isTeamsOnly":false,"dataLossPreventionEvaluationResult":{"status":"Compliant","lastEvaluationDate":"2024-11-29T15:53:35.5164482Z","violations":[],"violationsByPolicy":[],"violationErrorMessage":"The app uses the following connectors: ."}}},"appType":"ClassicCanvasApp","appComponents":[]}}